Num_Acc;senc;catv;occutc;obs;obsm;choc;manv;num_veh
201000054520;0;1;0;0.0;2.0;1.0;1.0;B01
201000054525;0;1;0;0.0;2.0;1.0;16.0;B01
201000054529;0;1;0;0.0;2.0;8.0;0.0;B01
201000054531;0;1;0;0.0;2.0;1.0;1.0;B01
201000054534;0;1;0;0.0;2.0;7.0;1.0;B01
201000054541;0;1;0;0.0;2.0;7.0;1.0;B01
201000054546;0;1;0;0.0;2.0;8.0;13.0;B01
201000054549;0;1;0;0.0;2.0;1.0;15.0;B01
201000054550;0;1;0;0.0;2.0;1.0;1.0;B01
201000054555;0;1;0;0.0;2.0;0.0;15.0;B01
201000054557;0;1;0;12.0;0.0;1.0;19.0;A01
201000054559;0;1;0;0.0;2.0;1.0;1.0;B01
201000054566;0;1;0;0.0;2.0;1.0;1.0;B01
201000054577;0;1;0;0.0;2.0;1.0;1.0;B01
201000054589;0;1;0;0.0;2.0;1.0;1.0;A01
201000054589;0;1;0;0.0;2.0;1.0;1.0;B01
201000054664;0;1;0;0.0;2.0;0.0;0.0;B01
201000054680;0;1;0;0.0;2.0;1.0;5.0;A01
201000054685;0;1;0;0.0;2.0;7.0;0.0;B01
201000054691;0;1;0;0.0;2.0;2.0;17.0;B01
201000054699;0;1;0;0.0;2.0;1.0;15.0;B02
201000054707;0;1;0;0.0;2.0;1.0;5.0;B02
201000054709;0;1;0;0.0;2.0;1.0;17.0;B01
201000054774;0;1;0;0.0;2.0;7.0;1.0;B01
201000054785;0;1;0;0.0;2.0;1.0;1.0;B01
201000054794;0;1;0;0.0;2.0;2.0;1.0;A01
201000054808;0;1;0;0.0;2.0;1.0;19.0;B01
201000054973;0;1;0;0.0;2.0;1.0;1.0;A01
201000054976;0;1;0;0.0;2.0;1.0;0.0;B01
201000054980;0;1;0;0.0;2.0;1.0;5.0;A01
201000057765;0;1;0;0.0;2.0;0.0;2.0;B01
201000057862;0;1;0;0.0;2.0;5.0;2.0;B01
201000057868;0;1;0;0.0;2.0;4.0;2.0;B01
201000057885;0;1;0;0.0;2.0;8.0;19.0;B01
201000057904;0;1;0;0.0;2.0;8.0;19.0;B01
201000057917;0;1;0;0.0;4.0;1.0;1.0;A01
201000057922;0;1;0;0.0;2.0;4.0;2.0;B01
201000057928;0;1;0;0.0;1.0;1.0;1.0;A01
201000058095;0;1;0;0.0;0.0;1.0;1.0;B01
201000058098;0;1;0;0.0;2.0;7.0;7.0;B01
201000058103;0;1;0;0.0;2.0;7.0;1.0;B01
201000058107;0;1;0;0.0;2.0;0.0;2.0;B01
201000058138;0;1;0;0.0;2.0;8.0;1.0;B01
201000058147;0;1;0;0.0;2.0;2.0;1.0;A01
201000058149;0;1;0;0.0;2.0;7.0;1.0;B01
201000058156;0;1;0;1.0;0.0;1.0;1.0;B01
201000058158;0;1;0;0.0;2.0;0.0;19.0;B01
201000058166;0;1;0;0.0;2.0;7.0;5.0;A01
201000058167;0;1;0;0.0;2.0;6.0;19.0;A01
201000058168;0;1;0;1.0;0.0;1.0;1.0;B01
201000058169;0;1;0;1.0;0.0;1.0;1.0;B01
201000058172;0;1;0;0.0;2.0;7.0;2.0;B01
201000058177;0;1;0;0.0;2.0;2.0;1.0;A01
201000058180;0;1;0;0.0;1.0;1.0;2.0;A01
201000058188;0;1;0;0.0;2.0;8.0;1.0;B01
201000058189;0;1;0;0.0;2.0;1.0;19.0;B01
201000058191;0;1;0;0.0;2.0;4.0;2.0;B01
201000058194;0;1;0;0.0;2.0;1.0;1.0;B01
201000058197;0;1;0;1.0;2.0;2.0;1.0;A01
201000058198;0;1;0;0.0;2.0;2.0;1.0;A01
201000058201;0;1;0;0.0;2.0;8.0;2.0;B01
201000058204;0;1;0;0.0;1.0;0.0;1.0;A01
201000058205;0;1;0;0.0;0.0;0.0;0.0;B01
201000058209;0;1;0;0.0;2.0;1.0;5.0;A01
201000058211;0;1;0;1.0;0.0;2.0;2.0;B01
201000058212;0;1;0;0.0;2.0;1.0;1.0;A01
201000058229;0;1;0;0.0;2.0;1.0;1.0;B01
201000058235;0;1;0;0.0;2.0;8.0;9.0;A01
201000058240;0;1;0;0.0;2.0;8.0;1.0;B01
201000058249;0;1;0;1.0;2.0;0.0;0.0;A01
201000058255;0;1;0;1.0;0.0;2.0;1.0;B01
201000058258;0;1;0;0.0;2.0;1.0;8.0;A01
201000058262;0;1;0;0.0;2.0;7.0;1.0;B01
201000058264;0;1;0;1.0;0.0;1.0;1.0;B01
201000058266;0;1;0;0.0;2.0;1.0;1.0;A01
201000058272;0;1;0;0.0;2.0;1.0;5.0;A01
201000058275;0;1;0;1.0;0.0;1.0;1.0;B01
201000058285;0;1;0;1.0;0.0;1.0;1.0;B01
201000058287;0;1;0;0.0;2.0;8.0;13.0;A01
201000058289;0;1;0;0.0;1.0;1.0;1.0;A01
201000058292;0;1;0;0.0;2.0;8.0;0.0;B01
201000058295;0;1;0;1.0;0.0;1.0;1.0;B01
201000058302;0;1;0;1.0;0.0;7.0;2.0;B01
201000058305;0;1;0;0.0;2.0;7.0;1.0;A01
201000058307;0;1;0;0.0;2.0;0.0;1.0;A01
201000058310;0;1;0;0.0;1.0;1.0;1.0;A01
201000058329;0;1;0;0.0;1.0;1.0;1.0;A01
201000058337;0;1;0;0.0;1.0;1.0;21.0;A01
201000058341;0;1;0;0.0;2.0;2.0;1.0;B01
201000058353;0;1;0;0.0;2.0;7.0;1.0;B01
201000058356;0;1;0;0.0;2.0;7.0;19.0;B01
201000058358;0;1;0;0.0;2.0;0.0;1.0;B01
201000058361;0;1;0;0.0;2.0;7.0;1.0;B01
201000058368;0;1;0;0.0;2.0;0.0;19.0;A01
201000058382;0;1;0;0.0;2.0;3.0;2.0;B01
201000058384;0;1;0;0.0;2.0;0.0;0.0;A01
201000058565;0;1;0;0.0;2.0;1.0;19.0;A01
201000058620;0;1;0;0.0;2.0;7.0;1.0;A01
201000058622;0;1;0;0.0;0.0;4.0;2.0;B01
201000058636;0;1;0;1.0;0.0;1.0;1.0;A01
201000058647;0;1;0;0.0;2.0;1.0;2.0;A01
201000058777;0;1;0;0.0;2.0;7.0;1.0;A01
201000058784;0;1;0;0.0;9.0;0.0;1.0;A01
201000058784;0;1;0;14.0;9.0;0.0;1.0;B01
201000058787;0;1;0;0.0;2.0;8.0;1.0;A01
201000058804;0;1;0;0.0;2.0;1.0;1.0;B01
201000058806;0;1;0;0.0;0.0;1.0;1.0;A01
201000058807;0;1;0;0.0;9.0;1.0;1.0;B01
201000058807;0;1;0;0.0;9.0;1.0;5.0;A01
201000058822;0;1;0;0.0;2.0;1.0;1.0;B01
201000058829;0;1;0;0.0;0.0;0.0;8.0;B01
201000058833;0;1;0;0.0;2.0;0.0;19.0;B01
201000058847;0;1;0;0.0;2.0;1.0;1.0;A01
201000058848;0;1;0;0.0;1.0;0.0;0.0;A01
201000058854;0;1;0;0.0;2.0;7.0;1.0;B01
201000058863;0;1;0;0.0;2.0;8.0;19.0;B01
201000058865;0;1;0;0.0;2.0;1.0;19.0;B01
201000058877;0;1;0;0.0;1.0;1.0;1.0;A01
201000058879;0;1;0;1.0;0.0;1.0;1.0;B01
201000058888;0;1;0;0.0;2.0;2.0;2.0;B01
201000058890;0;1;0;0.0;9.0;3.0;0.0;A01
201000058907;0;1;0;1.0;0.0;1.0;1.0;B01
201000058925;0;1;0;1.0;0.0;1.0;22.0;B01
201000058927;0;1;0;1.0;0.0;1.0;1.0;B01
201000058930;0;1;0;0.0;0.0;4.0;2.0;A01
201000058934;0;1;0;0.0;2.0;4.0;2.0;B01
201000058936;0;1;0;0.0;2.0;8.0;1.0;B01
201000058950;0;1;0;0.0;2.0;1.0;0.0;B01
201000058953;0;1;0;0.0;2.0;1.0;0.0;B01
201000058954;0;1;0;0.0;2.0;7.0;0.0;A01
201000058956;0;1;0;1.0;2.0;1.0;22.0;B01
201000058971;0;1;0;0.0;2.0;1.0;1.0;B01
201000058980;0;1;0;0.0;0.0;7.0;1.0;B01
201000058985;0;1;0;0.0;2.0;3.0;0.0;A01
201000058992;1;1;0;0.0;2.0;3.0;0.0;A01
201000060137;0;1;0;0.0;1.0;2.0;15.0;A01
201000060146;0;1;0;0.0;1.0;1.0;1.0;A01
201000060149;0;1;0;0.0;2.0;5.0;14.0;A01
201000060154;0;1;0;0.0;2.0;1.0;1.0;B01
201000060155;0;1;0;0.0;1.0;3.0;1.0;A01
201000060170;0;1;0;0.0;2.0;3.0;13.0;B01
201000060173;0;1;0;1.0;0.0;1.0;5.0;A01
201000060183;0;1;0;0.0;2.0;0.0;1.0;B01
201000060192;0;1;0;0.0;0.0;0.0;1.0;A01
201000060197;0;1;0;0.0;2.0;0.0;1.0;B01
201000060208;0;1;0;0.0;2.0;2.0;1.0;B01
201000060217;0;1;0;0.0;2.0;2.0;1.0;B01
201000060231;0;1;0;0.0;1.0;1.0;1.0;A01
201000060235;0;1;0;0.0;0.0;4.0;7.0;B01
201000060237;0;1;0;0.0;1.0;0.0;1.0;A01
201000060238;0;1;0;0.0;2.0;9.0;7.0;B01
201000060239;0;1;0;0.0;2.0;0.0;19.0;A01
201000060248;0;1;0;0.0;0.0;0.0;7.0;A01
201000060263;0;1;0;0.0;2.0;5.0;1.0;A01
201000060281;0;1;0;0.0;2.0;0.0;5.0;A01
201000060284;0;1;0;0.0;2.0;1.0;1.0;B01
201000060296;0;1;0;0.0;0.0;0.0;1.0;A01
201000060312;0;1;0;0.0;2.0;8.0;1.0;A01
201000060313;0;1;0;0.0;0.0;0.0;21.0;A01
201000060321;0;1;0;1.0;2.0;1.0;5.0;A01
201000060326;0;1;0;0.0;1.0;1.0;7.0;A01
201000060334;1;1;0;0.0;1.0;0.0;1.0;Z01
201000060341;0;1;0;0.0;2.0;2.0;7.0;B01
201000060344;0;1;0;0.0;2.0;1.0;1.0;B01
201000060347;0;1;0;0.0;0.0;0.0;1.0;A01
201000060354;0;1;0;0.0;2.0;3.0;23.0;B01
201000060355;0;1;0;0.0;2.0;3.0;1.0;B01
201000060361;0;1;0;0.0;2.0;1.0;1.0;A01
201000060365;0;1;0;0.0;2.0;3.0;15.0;B01
201000060371;0;1;0;0.0;2.0;3.0;23.0;B01
201000060378;0;1;0;0.0;2.0;1.0;1.0;A01
201000060379;0;1;0;0.0;2.0;1.0;17.0;B01
201000060380;0;1;0;0.0;0.0;4.0;23.0;B01
201000060381;0;1;0;0.0;2.0;0.0;7.0;B01
201000060423;0;1;0;0.0;2.0;1.0;1.0;B01
201000060434;0;1;0;0.0;2.0;1.0;1.0;B01
201000060437;0;1;0;0.0;2.0;4.0;5.0;A01
201000060438;0;1;0;0.0;1.0;1.0;1.0;A01
201000060443;0;1;0;0.0;2.0;1.0;17.0;A01
201000060447;0;1;0;1.0;0.0;8.0;13.0;A01
201000060452;0;1;0;0.0;0.0;0.0;1.0;A01
201000060458;0;1;0;0.0;2.0;7.0;5.0;A01
201000060469;0;1;0;0.0;0.0;1.0;7.0;A01
201000060470;0;1;0;0.0;2.0;0.0;23.0;A01
201000060472;0;1;0;0.0;2.0;4.0;2.0;B01
201000060478;0;1;0;0.0;2.0;7.0;1.0;B01
201000060483;0;1;0;0.0;2.0;2.0;1.0;B01
201000060484;0;1;0;0.0;2.0;3.0;1.0;B01
201000060485;0;1;0;0.0;9.0;0.0;7.0;A01
201000060492;0;1;0;0.0;2.0;4.0;2.0;A01
201000060492;0;1;0;0.0;2.0;1.0;2.0;B01
201000060493;0;1;0;0.0;2.0;1.0;1.0;B01
201000060505;0;1;0;0.0;2.0;1.0;7.0;B01
201000060509;0;1;0;0.0;0.0;0.0;1.0;A01
201000060513;0;1;0;0.0;2.0;1.0;1.0;B01
201000060515;0;1;0;0.0;0.0;0.0;21.0;A01
201000060527;0;1;0;0.0;2.0;4.0;9.0;B01
201000060545;0;1;0;0.0;2.0;1.0;1.0;B01
201000060580;0;1;0;0.0;2.0;0.0;21.0;A01
201000060584;0;1;0;0.0;1.0;1.0;1.0;A01
201000060585;0;1;0;0.0;2.0;0.0;13.0;B01
201000060592;0;1;0;1.0;0.0;1.0;1.0;B01
201000060595;0;1;0;0.0;2.0;8.0;1.0;A01
201000060602;0;1;0;0.0;1.0;1.0;7.0;A01
201000060603;0;1;0;0.0;0.0;7.0;21.0;A01
201000060605;0;1;0;0.0;2.0;8.0;1.0;B01
201000060624;0;1;0;0.0;2.0;7.0;17.0;B01
201000060625;0;1;0;0.0;2.0;7.0;1.0;A01
201000060629;0;1;0;0.0;1.0;1.0;16.0;A01
201000060651;0;1;0;0.0;1.0;1.0;1.0;A01
201000060663;0;1;0;0.0;2.0;3.0;19.0;B01
201000060671;0;1;0;0.0;0.0;0.0;21.0;A01
201000060672;0;1;0;0.0;2.0;1.0;1.0;A01
201000060674;0;1;0;0.0;2.0;3.0;15.0;A01
201000060701;0;1;0;0.0;2.0;3.0;13.0;A01
201000060711;1;1;0;0.0;1.0;1.0;15.0;Z01
201000060712;0;1;0;0.0;2.0;1.0;7.0;B01
201000060717;0;1;0;8.0;0.0;7.0;1.0;A01
201000060752;0;1;0;0.0;1.0;8.0;1.0;A01
201000060755;0;1;0;0.0;1.0;1.0;1.0;A01
201000060760;0;1;0;0.0;2.0;1.0;13.0;A01
201000060773;0;1;0;0.0;1.0;1.0;1.0;A01
201000060787;0;1;0;0.0;2.0;3.0;1.0;B01
201000060788;0;1;0;0.0;2.0;5.0;2.0;A01
201000060793;0;1;0;0.0;2.0;4.0;1.0;C01
201000060794;0;1;0;0.0;2.0;3.0;7.0;B01
201000060796;0;1;0;0.0;2.0;1.0;19.0;A01
201000060797;0;1;0;0.0;2.0;5.0;18.0;B01
201000060807;0;1;0;0.0;2.0;3.0;18.0;A01
201000060809;0;1;0;0.0;2.0;1.0;18.0;A01
201000060813;0;1;0;0.0;0.0;8.0;5.0;B01
201000060825;0;1;0;0.0;2.0;0.0;1.0;B01
201000060835;0;1;0;0.0;1.0;1.0;7.0;A01
201000060836;0;1;0;0.0;2.0;2.0;1.0;B01
201000060839;0;1;0;0.0;2.0;1.0;1.0;B01
201000060862;0;1;0;0.0;2.0;7.0;17.0;B01
201000060864;0;1;0;0.0;2.0;1.0;17.0;B01
201000060869;0;1;0;0.0;2.0;1.0;17.0;A01
201000060874;0;1;0;0.0;2.0;8.0;13.0;B01
201000060886;0;1;0;0.0;0.0;0.0;21.0;A01
201000060917;0;1;0;0.0;2.0;1.0;7.0;B01
201000060922;0;1;0;0.0;2.0;1.0;1.0;B01
201000060926;0;1;0;0.0;2.0;1.0;2.0;A01
201000060930;0;1;0;0.0;2.0;3.0;18.0;A01
201000060939;0;1;0;0.0;1.0;1.0;8.0;A01
201000060940;0;1;0;0.0;0.0;1.0;1.0;B01
201000060944;0;1;0;1.0;0.0;1.0;1.0;B01
201000060946;0;1;0;1.0;0.0;1.0;1.0;A01
201000060948;0;1;0;0.0;2.0;3.0;7.0;B01
201000060950;0;1;0;0.0;1.0;1.0;7.0;A01
201000060960;0;1;0;0.0;1.0;1.0;7.0;A01
201000060974;0;1;0;0.0;1.0;1.0;1.0;A01
201000060976;0;1;0;1.0;0.0;1.0;2.0;B01
201000060977;0;1;0;0.0;2.0;8.0;1.0;B01
201000060990;0;1;0;0.0;9.0;1.0;1.0;A01
201000061000;0;1;0;0.0;0.0;7.0;15.0;A01
201000061003;0;1;0;0.0;2.0;7.0;1.0;B01
201000061022;0;1;0;0.0;1.0;1.0;7.0;A01
201000061024;0;1;0;0.0;2.0;1.0;1.0;A01
201000061029;0;1;0;0.0;1.0;1.0;7.0;A01
201000061052;0;1;0;0.0;0.0;0.0;5.0;A01
201000061060;0;1;0;0.0;1.0;1.0;16.0;A01
201000061063;0;1;0;0.0;2.0;7.0;1.0;A01
201000061087;0;1;0;0.0;2.0;8.0;19.0;A01
201000061088;0;1;0;0.0;2.0;1.0;1.0;B01
201000061090;0;1;0;14.0;0.0;1.0;13.0;A01
201000061102;0;1;0;0.0;0.0;7.0;1.0;A01
201000061103;0;1;0;0.0;0.0;0.0;1.0;A01
201000061106;0;1;0;0.0;2.0;7.0;1.0;A01
201000061114;0;1;0;0.0;2.0;0.0;1.0;B01
201000061122;0;1;0;0.0;2.0;1.0;17.0;B01
201000061126;0;1;0;1.0;0.0;1.0;1.0;B01
201000061134;0;1;0;0.0;1.0;1.0;5.0;A01
201000061147;0;1;0;0.0;2.0;0.0;5.0;B01
201000061149;0;1;0;1.0;2.0;0.0;17.0;A01
201000061158;0;1;0;0.0;1.0;2.0;1.0;A01
201000061179;0;1;0;0.0;2.0;3.0;18.0;B01
201000061181;0;1;0;0.0;2.0;2.0;1.0;B01
201000061190;0;1;0;0.0;2.0;8.0;16.0;A01
201000061193;0;1;0;0.0;2.0;3.0;15.0;A01
201000061195;0;1;0;1.0;9.0;7.0;1.0;B01
201000061203;0;1;0;0.0;2.0;4.0;12.0;B01
201000061205;0;1;0;0.0;2.0;4.0;13.0;B01
201000061209;0;1;0;0.0;2.0;4.0;23.0;B01
201000061227;0;1;0;0.0;2.0;1.0;1.0;B01
201000061230;0;1;0;0.0;2.0;3.0;15.0;B01
201000061364;0;1;0;0.0;2.0;1.0;1.0;C01
201000061367;0;1;0;12.0;2.0;8.0;1.0;B01
201000061371;0;1;0;0.0;0.0;8.0;21.0;A01
201000061374;0;1;0;11.0;2.0;0.0;1.0;A01
201000061378;0;1;0;0.0;2.0;1.0;1.0;B01
201000061424;0;1;0;0.0;2.0;1.0;1.0;B01
201000061462;0;1;0;0.0;2.0;2.0;1.0;B01
201000061471;0;1;0;0.0;2.0;1.0;13.0;A01
201000061471;0;1;0;0.0;2.0;1.0;1.0;B01
201000061473;0;1;0;0.0;0.0;8.0;19.0;A01
201000061478;0;1;0;0.0;2.0;1.0;1.0;B01
201000061486;0;1;0;0.0;2.0;1.0;1.0;B01
201000061491;0;1;0;0.0;2.0;8.0;19.0;B01
201000061500;0;1;0;0.0;2.0;8.0;1.0;B01
201000061517;0;1;0;0.0;2.0;3.0;13.0;A01
201000061520;0;1;0;0.0;0.0;0.0;21.0;A01
201000061523;1;1;0;0.0;2.0;3.0;13.0;Z01
201000061540;0;1;0;0.0;0.0;8.0;2.0;A01
201000061565;0;1;0;0.0;2.0;1.0;1.0;A01
201000061586;0;1;0;1.0;0.0;2.0;7.0;B01
201000061593;0;1;0;0.0;2.0;1.0;1.0;B01
201000061597;0;1;0;0.0;2.0;8.0;19.0;A01
201000061605;0;1;0;0.0;2.0;7.0;17.0;B01
201000061608;0;1;0;0.0;2.0;1.0;1.0;B01
201000061612;1;1;0;0.0;1.0;1.0;2.0;Z01
201000061665;0;1;0;0.0;2.0;8.0;19.0;B01
201000061708;0;1;0;0.0;2.0;8.0;1.0;B01
201000061736;0;1;0;0.0;2.0;7.0;1.0;B01
201000061741;0;1;0;0.0;1.0;1.0;1.0;A01
201000061743;0;1;0;0.0;1.0;8.0;1.0;A01
201000061745;0;1;0;0.0;2.0;1.0;18.0;B01
201000061752;0;1;0;0.0;2.0;4.0;1.0;B01
201000061759;0;1;0;0.0;1.0;7.0;1.0;A01
201000061761;0;1;0;0.0;2.0;1.0;1.0;B01
201000061764;0;1;0;0.0;2.0;0.0;13.0;B01
201000061790;0;1;0;0.0;0.0;8.0;7.0;B01
201000061805;0;1;0;0.0;2.0;0.0;15.0;B01
201000061812;0;1;0;0.0;2.0;0.0;19.0;A01
201000061827;0;1;0;14.0;0.0;1.0;14.0;A01
201000061834;0;1;0;0.0;2.0;8.0;1.0;B01
201000061851;0;1;0;0.0;0.0;0.0;7.0;A01
201000061861;0;1;0;0.0;2.0;1.0;16.0;A01
201000061866;0;1;0;0.0;2.0;1.0;7.0;B01
201000061880;0;1;0;1.0;2.0;1.0;16.0;A01
201000061881;0;1;0;0.0;2.0;1.0;1.0;B01
201000061882;0;1;0;0.0;2.0;1.0;7.0;B01
201000061887;0;1;0;0.0;1.0;1.0;1.0;A01
201000061894;0;1;0;0.0;2.0;8.0;5.0;A01
201000061910;0;1;0;0.0;0.0;0.0;1.0;A01
201000061920;0;1;0;0.0;2.0;0.0;2.0;B01
201000061935;0;1;0;0.0;0.0;0.0;1.0;A01
201000061942;0;1;0;0.0;2.0;3.0;1.0;B01
201000061964;0;1;0;0.0;2.0;1.0;1.0;A01
201000061970;0;1;0;0.0;2.0;0.0;1.0;A01
201000061979;0;1;0;0.0;2.0;7.0;1.0;B01
201000061984;0;1;0;0.0;2.0;1.0;18.0;A01
201000061991;0;1;0;0.0;2.0;1.0;1.0;B01
201000061996;0;1;0;0.0;0.0;0.0;1.0;A01
201000062008;0;1;0;0.0;2.0;1.0;1.0;B01
201000062010;0;1;0;0.0;2.0;1.0;1.0;B01
201000062022;0;1;0;0.0;1.0;1.0;1.0;A01
201000062027;0;1;0;0.0;2.0;7.0;1.0;B01
201000062029;0;1;0;0.0;2.0;2.0;1.0;A01
201000062034;1;1;0;0.0;1.0;1.0;1.0;Z01
201000062041;0;1;0;0.0;2.0;3.0;1.0;B01
201000062043;0;1;0;0.0;2.0;0.0;1.0;B01
201000062045;0;1;0;0.0;2.0;0.0;13.0;B01
201000062055;0;1;0;0.0;0.0;0.0;1.0;A01
201000062058;0;1;0;0.0;2.0;1.0;2.0;A01
201000062061;0;1;0;0.0;2.0;2.0;1.0;B01
201000062065;0;1;0;0.0;0.0;5.0;1.0;B01
201000062072;0;1;0;0.0;2.0;1.0;23.0;A01
201000062078;0;1;0;0.0;0.0;0.0;1.0;A01
201000062082;0;1;0;0.0;1.0;3.0;1.0;A01
201000062089;0;1;0;0.0;2.0;1.0;2.0;A01
201000062111;0;1;0;0.0;2.0;0.0;1.0;B01
201000062122;0;1;0;14.0;0.0;1.0;12.0;A01
201000062129;0;1;0;0.0;2.0;4.0;7.0;B01
201000062131;0;1;0;0.0;0.0;1.0;21.0;A01
201000062139;0;1;0;0.0;1.0;1.0;1.0;A01
201000062142;0;1;0;0.0;0.0;0.0;2.0;B01
201000062149;0;1;0;0.0;2.0;1.0;5.0;B01
201000062156;0;1;0;0.0;2.0;3.0;13.0;A01
201000062165;0;1;0;0.0;2.0;6.0;1.0;B01
201000062168;0;1;0;0.0;2.0;0.0;1.0;B01
201000062183;0;1;0;1.0;2.0;2.0;17.0;B01
201000062237;0;1;0;0.0;2.0;7.0;2.0;B01
201000062237;0;1;0;0.0;2.0;1.0;2.0;C01
201000062238;0;1;0;1.0;2.0;4.0;2.0;B01
201000062242;0;1;0;0.0;2.0;2.0;1.0;B01
201000062258;0;1;0;0.0;1.0;1.0;1.0;A01
201000062269;0;1;0;0.0;2.0;4.0;14.0;B01
201000062302;0;1;0;0.0;2.0;4.0;23.0;B01
201000062304;0;1;0;0.0;0.0;1.0;21.0;A01
201000062305;0;1;0;0.0;2.0;4.0;2.0;A01
201000062320;0;1;0;0.0;2.0;8.0;1.0;A01
201000062323;0;1;0;0.0;2.0;4.0;1.0;B01
201000062335;0;1;0;0.0;2.0;1.0;1.0;B01
201000062338;0;1;0;0.0;2.0;1.0;2.0;A01
201000062339;0;1;0;0.0;2.0;1.0;1.0;B01
201000062340;0;1;0;0.0;2.0;1.0;1.0;B01
201000062362;0;1;0;0.0;0.0;0.0;1.0;A01
201000062363;0;1;0;0.0;2.0;4.0;1.0;B01
201000062375;0;1;0;0.0;2.0;1.0;1.0;A01
201000062379;0;1;0;0.0;2.0;8.0;10.0;B01
201000062382;0;1;0;0.0;1.0;1.0;1.0;A01
201000062383;0;1;0;0.0;1.0;1.0;1.0;A01
201000062386;0;1;0;0.0;1.0;1.0;11.0;A01
201000062389;0;1;0;0.0;1.0;1.0;1.0;A01
201000062418;0;1;0;0.0;2.0;8.0;1.0;A01
201000062423;0;1;0;0.0;1.0;1.0;1.0;A01
201000062434;0;1;0;0.0;2.0;1.0;1.0;B01
201000062440;0;1;0;0.0;2.0;3.0;1.0;B01
201000062447;0;1;0;0.0;2.0;2.0;1.0;B01
201000062451;1;1;0;0.0;2.0;0.0;13.0;Z01
201000062453;0;1;0;0.0;2.0;1.0;1.0;B01
201000062455;0;1;0;0.0;2.0;1.0;1.0;B01
201000062463;0;1;0;0.0;0.0;0.0;1.0;A01
201000062464;0;1;0;0.0;1.0;1.0;1.0;A01
201000062481;0;1;0;0.0;2.0;1.0;1.0;B01
201000062499;0;1;0;0.0;2.0;1.0;5.0;A01
201000062512;0;1;0;1.0;0.0;1.0;1.0;B01
201000062525;0;1;0;0.0;1.0;1.0;1.0;A01
201000062527;0;1;0;0.0;2.0;4.0;2.0;B01
201000062537;0;1;0;0.0;2.0;4.0;2.0;B01
201000062550;0;1;0;0.0;2.0;1.0;19.0;A01
201000062554;0;1;0;0.0;2.0;1.0;1.0;B01
201000062555;0;1;0;8.0;0.0;1.0;13.0;A01
201000062560;0;1;0;0.0;0.0;0.0;21.0;A01
201000062565;0;1;0;0.0;2.0;8.0;1.0;A01
201000062579;0;1;0;0.0;2.0;1.0;9.0;B01
201000062584;0;1;0;0.0;2.0;8.0;19.0;B01
201000062585;0;1;0;0.0;2.0;3.0;11.0;A01
201000062588;0;1;0;0.0;2.0;4.0;1.0;B01
201000062612;0;1;0;0.0;2.0;4.0;2.0;B01
201000062616;0;1;0;0.0;2.0;4.0;23.0;A01
201000062624;0;1;0;0.0;2.0;4.0;15.0;B01
201000062637;0;1;0;0.0;0.0;0.0;1.0;A01
201000062661;0;1;0;0.0;2.0;4.0;23.0;B01
201000062674;0;1;0;0.0;2.0;2.0;1.0;A01
201000062707;0;1;0;0.0;1.0;1.0;1.0;A01
201000062754;0;1;0;0.0;2.0;1.0;1.0;A01
201000062756;0;1;0;0.0;0.0;8.0;5.0;A01
201000062758;0;1;0;2.0;0.0;1.0;14.0;A01
201000062759;0;1;0;0.0;2.0;1.0;1.0;B01
201000062762;0;1;0;0.0;2.0;8.0;19.0;B01
201000062771;0;1;0;0.0;2.0;5.0;1.0;B01
201000062784;0;1;0;0.0;2.0;1.0;2.0;A01
201000062785;0;1;0;0.0;2.0;3.0;18.0;A01
201000062786;0;1;0;0.0;2.0;8.0;15.0;B01
201000062787;0;1;0;0.0;2.0;7.0;1.0;B01
201000062788;0;1;0;0.0;2.0;1.0;1.0;B01
201000062806;0;1;0;0.0;2.0;2.0;7.0;B01
201000062813;0;1;0;0.0;2.0;1.0;1.0;B01
201000062815;0;1;0;0.0;2.0;8.0;1.0;B01
201000062816;0;1;0;0.0;0.0;3.0;21.0;A01
201000062828;0;1;0;0.0;2.0;8.0;15.0;B01
201000062838;0;1;0;0.0;2.0;1.0;1.0;B01
201000062844;0;1;0;0.0;2.0;1.0;1.0;B01
201000062856;0;1;0;0.0;0.0;0.0;0.0;A01
201000062860;0;1;0;0.0;2.0;7.0;15.0;B01
201000062861;0;1;0;0.0;2.0;7.0;19.0;B01
201000062871;0;1;0;0.0;2.0;1.0;1.0;B01
201000062886;0;1;0;0.0;0.0;1.0;1.0;A01
201000062889;0;1;0;0.0;2.0;1.0;1.0;B01
201000062893;0;1;0;0.0;2.0;1.0;1.0;B01
201000062896;0;1;0;0.0;2.0;8.0;1.0;A01