Num_Acc;senc;catv;occutc;obs;obsm;choc;manv;num_veh
201000062898;0;1;0;0.0;2.0;0.0;1.0;B01
201000062900;0;1;0;0.0;2.0;0.0;1.0;B01
201000062901;1;1;0;0.0;1.0;2.0;1.0;Z01
201000062916;0;1;0;0.0;2.0;1.0;18.0;B01
201000062939;0;1;0;0.0;2.0;2.0;1.0;A01
201000062941;0;1;0;0.0;2.0;4.0;1.0;A01
201000062944;0;1;0;0.0;2.0;1.0;1.0;A01
201000062944;0;1;0;0.0;2.0;1.0;1.0;B01
201000062945;0;1;0;0.0;0.0;0.0;1.0;A01
201000062951;0;1;0;8.0;0.0;1.0;1.0;A01
201000062954;0;1;0;0.0;2.0;1.0;1.0;B01
201000062960;0;1;0;0.0;2.0;8.0;1.0;A01
201000062963;0;1;0;12.0;0.0;0.0;21.0;A01
201000062965;0;1;0;1.0;0.0;1.0;9.0;A01
201000062967;0;1;0;0.0;9.0;0.0;1.0;B01
201000062967;0;1;0;0.0;9.0;0.0;1.0;A01
201000062967;0;1;0;0.0;0.0;0.0;1.0;C01
201000062968;0;1;0;0.0;0.0;5.0;17.0;A01
201000062968;0;1;0;0.0;0.0;3.0;1.0;B01
201000062977;0;1;0;0.0;2.0;6.0;19.0;A01
201000062979;0;1;0;0.0;2.0;4.0;13.0;B01
201000062999;0;1;0;0.0;2.0;1.0;1.0;A01
201000063000;0;1;0;1.0;2.0;1.0;18.0;A01
201000063003;0;1;0;0.0;2.0;4.0;1.0;B01
201000063012;0;1;0;0.0;0.0;1.0;1.0;A01
201000063014;0;1;0;0.0;2.0;1.0;1.0;B01
201000063015;0;1;0;0.0;0.0;0.0;1.0;A01
201000063016;0;1;0;0.0;2.0;8.0;19.0;A01
201000063021;0;1;0;1.0;2.0;6.0;11.0;B01
201000063051;0;1;0;0.0;2.0;2.0;1.0;A01
201000063076;0;1;0;0.0;0.0;0.0;21.0;A01
201000063091;0;1;0;0.0;2.0;2.0;1.0;B01
201000063102;0;1;0;0.0;0.0;0.0;1.0;A01
201000063112;0;1;0;0.0;1.0;1.0;1.0;A01
201000063118;0;1;0;0.0;1.0;1.0;1.0;A01
201000063125;0;1;0;0.0;1.0;7.0;1.0;A01
201000063128;0;1;0;0.0;2.0;1.0;1.0;B01
201000063135;0;1;0;0.0;2.0;7.0;1.0;B01
201000063148;0;1;0;0.0;2.0;2.0;17.0;A01
201000063162;0;1;0;0.0;1.0;1.0;1.0;A01
201000063167;0;1;0;0.0;1.0;1.0;1.0;A01
201000063173;0;1;0;0.0;2.0;1.0;23.0;B01
201000063173;0;1;0;0.0;2.0;1.0;23.0;C01
201000063190;0;1;0;0.0;0.0;0.0;21.0;A01
201000063200;0;1;0;0.0;0.0;6.0;1.0;A01
201000063204;0;1;0;0.0;2.0;1.0;9.0;A01
201000063215;0;1;0;0.0;9.0;1.0;1.0;A01
201000063216;0;1;0;0.0;2.0;2.0;16.0;B01
201000063224;0;1;0;0.0;2.0;6.0;1.0;B01
201000063227;0;1;0;0.0;2.0;1.0;1.0;B01
201000063236;0;1;0;0.0;2.0;1.0;1.0;B01
201000063240;0;1;0;0.0;2.0;8.0;13.0;B01
201000063251;0;1;0;0.0;2.0;2.0;1.0;B01
201000063261;0;1;0;0.0;2.0;0.0;1.0;B01
201000063266;1;1;0;0.0;2.0;3.0;1.0;B01
201000063274;0;1;0;0.0;2.0;8.0;13.0;B01
201000063285;0;1;0;0.0;1.0;0.0;1.0;A01
201000063292;0;1;0;0.0;0.0;7.0;1.0;A01
201000063300;0;1;0;0.0;1.0;1.0;7.0;A01
201000063305;0;1;0;0.0;2.0;1.0;1.0;B01
201000063312;0;1;0;0.0;2.0;8.0;15.0;A01
201000063347;0;1;0;0.0;2.0;2.0;19.0;B01
201000063364;0;1;0;0.0;2.0;8.0;1.0;B01
201000063366;0;1;0;0.0;2.0;1.0;1.0;B01
201000063386;0;1;0;0.0;1.0;1.0;1.0;A01
201000063409;0;1;0;0.0;2.0;8.0;7.0;B01
201000063434;0;1;0;0.0;2.0;1.0;1.0;B01
201000063466;0;1;0;0.0;1.0;1.0;1.0;A01
201000063496;0;1;0;0.0;2.0;3.0;1.0;B01
201000063498;0;1;0;0.0;2.0;7.0;1.0;B01
201000063523;0;1;0;0.0;2.0;1.0;5.0;A01
201000063525;0;1;0;0.0;2.0;6.0;19.0;B01
201000063534;0;1;0;0.0;2.0;4.0;19.0;A01
201000063539;0;1;0;0.0;2.0;3.0;15.0;A01
201000063544;0;1;0;0.0;2.0;1.0;19.0;B01
201000063559;0;1;0;0.0;2.0;1.0;1.0;B01
201000063563;0;1;0;12.0;2.0;0.0;18.0;A01
201000063569;0;1;0;0.0;1.0;4.0;1.0;A01
201000063573;0;1;0;0.0;2.0;4.0;2.0;B01
201000063581;0;1;0;0.0;1.0;3.0;1.0;A01
201000063592;0;1;0;0.0;2.0;1.0;2.0;A01
201000063600;0;1;0;8.0;0.0;0.0;21.0;A01
201000063608;0;1;0;0.0;2.0;3.0;19.0;A01
201000063614;0;1;0;0.0;2.0;0.0;1.0;B01
201000063615;0;1;0;0.0;2.0;1.0;2.0;A01
201000063618;1;1;0;0.0;1.0;1.0;1.0;Z01
201000063635;0;1;0;0.0;2.0;1.0;19.0;A01
201000063640;0;1;0;0.0;2.0;1.0;1.0;B01
201000063645;0;1;0;0.0;2.0;5.0;16.0;B01
201000063650;0;1;0;0.0;0.0;8.0;1.0;B01
201000063653;0;1;0;0.0;2.0;2.0;17.0;A01
201000063657;0;1;0;0.0;0.0;0.0;1.0;A01
201000063662;0;1;0;1.0;0.0;1.0;1.0;A01
201000063666;0;1;0;0.0;2.0;7.0;19.0;A01
201000063684;0;1;0;1.0;0.0;7.0;1.0;B01
201000063690;0;1;0;0.0;2.0;1.0;1.0;B01
201000063703;0;1;0;1.0;2.0;7.0;18.0;A01
201000063704;0;1;0;0.0;2.0;1.0;1.0;B01
201000063705;0;1;0;0.0;2.0;3.0;15.0;B01
201000063712;0;1;0;0.0;2.0;3.0;1.0;B01
201000063721;0;1;0;0.0;2.0;1.0;1.0;A01
201000063749;0;1;0;0.0;1.0;8.0;1.0;A01
201000063768;0;1;0;0.0;2.0;8.0;13.0;B01
201000063797;0;1;0;0.0;2.0;1.0;1.0;B01
201000063813;0;1;0;11.0;1.0;8.0;17.0;A01
201000063817;0;1;0;0.0;2.0;1.0;2.0;A01
201000063818;0;1;0;0.0;2.0;1.0;7.0;B01
201000063822;0;1;0;0.0;2.0;4.0;2.0;B01
201000063833;0;1;0;0.0;2.0;4.0;2.0;B01
201000063839;0;1;0;0.0;2.0;1.0;1.0;B01
201000063857;0;1;0;1.0;0.0;1.0;13.0;A01
201000063858;0;1;0;0.0;2.0;3.0;1.0;C01
201000063867;0;1;0;1.0;1.0;1.0;1.0;A01
201000063876;0;1;0;0.0;2.0;8.0;1.0;B01
201000063893;0;1;0;0.0;2.0;1.0;1.0;B01
201000063906;0;1;0;0.0;2.0;2.0;1.0;B01
201000063909;0;1;0;0.0;0.0;0.0;12.0;A01
201000063910;0;1;0;0.0;2.0;2.0;15.0;A01
201000063911;0;1;0;0.0;0.0;8.0;21.0;A01
201000063920;0;1;0;1.0;0.0;1.0;1.0;B01
201000063927;0;1;0;0.0;0.0;0.0;1.0;B01
201000063939;0;1;0;0.0;2.0;1.0;1.0;B01
201000063941;0;1;0;0.0;2.0;1.0;1.0;B01
201000063949;0;1;0;0.0;1.0;1.0;21.0;A01
201000063953;0;1;0;0.0;2.0;8.0;2.0;B01
201000063966;0;1;0;0.0;2.0;7.0;1.0;A01
201000063974;0;1;0;0.0;2.0;7.0;1.0;B01
201000063982;0;1;0;0.0;2.0;1.0;2.0;B01
201000064006;0;1;0;0.0;1.0;1.0;1.0;A01
201000064020;0;1;0;0.0;0.0;3.0;19.0;B01
201000064031;0;1;0;0.0;2.0;1.0;2.0;A01
201000064037;0;1;0;0.0;2.0;8.0;19.0;B01
201000064039;0;1;0;0.0;1.0;8.0;1.0;A01
201000064041;0;1;0;0.0;2.0;6.0;12.0;B01
201000064047;0;1;0;0.0;2.0;8.0;15.0;B01
201000064062;0;1;0;0.0;0.0;1.0;1.0;A01
201000064074;0;1;0;0.0;2.0;3.0;1.0;B01
201000064087;0;1;0;0.0;1.0;1.0;1.0;A01
201000064098;0;1;0;0.0;2.0;3.0;1.0;A01
201000064099;0;1;0;0.0;0.0;3.0;16.0;B01
201000064122;0;1;0;0.0;1.0;3.0;1.0;A01
201000064123;0;1;0;0.0;2.0;8.0;1.0;A01
201000064174;0;1;0;0.0;2.0;1.0;1.0;A01
201000064257;0;1;0;0.0;2.0;1.0;2.0;C01
201000064257;0;1;0;0.0;2.0;1.0;2.0;A01
201000064257;0;1;0;0.0;2.0;1.0;2.0;B01
201000064274;0;1;0;0.0;2.0;1.0;1.0;B01
201000064281;0;1;0;0.0;2.0;1.0;1.0;B01
201000064289;0;1;0;0.0;2.0;0.0;2.0;B01
201000064289;0;1;0;0.0;2.0;0.0;2.0;A01
201000064310;0;1;0;0.0;2.0;3.0;1.0;B01
201000064313;0;1;0;0.0;2.0;5.0;2.0;A01
201000064314;0;1;0;0.0;1.0;0.0;2.0;A01
201000064340;1;1;0;0.0;1.0;0.0;1.0;Z01
201000064343;0;1;0;0.0;2.0;7.0;1.0;B01
201000064347;0;1;0;0.0;2.0;2.0;18.0;A01
201000064348;0;1;0;0.0;2.0;4.0;1.0;A01
201000064354;0;1;0;0.0;2.0;1.0;1.0;B01
201000064363;0;1;0;0.0;2.0;1.0;5.0;A01
201000064369;0;1;0;0.0;2.0;2.0;1.0;A01
201000064374;0;1;0;0.0;1.0;3.0;1.0;A01
201000064378;0;1;0;0.0;2.0;7.0;1.0;A01
201000064380;0;1;0;0.0;2.0;0.0;19.0;A01
201000064405;0;1;0;0.0;0.0;1.0;1.0;A01
201000064409;0;1;0;0.0;2.0;1.0;1.0;B01
201000064429;0;1;0;0.0;2.0;1.0;1.0;B01
201000064451;0;1;0;0.0;2.0;1.0;1.0;B01
201000064452;0;1;0;0.0;2.0;6.0;2.0;B01
201000064484;0;1;0;0.0;2.0;4.0;1.0;B01
201000064485;0;1;0;0.0;2.0;2.0;1.0;A01
201000064490;0;1;0;0.0;0.0;0.0;1.0;A01
201000064499;0;1;0;0.0;0.0;0.0;1.0;A01
201000064501;0;1;0;0.0;5.0;1.0;1.0;A01
201000064512;0;1;0;0.0;2.0;0.0;1.0;B01
201000064587;0;1;0;0.0;1.0;1.0;1.0;A01
201000064588;0;1;0;0.0;0.0;0.0;1.0;A01
201000064593;0;1;0;0.0;2.0;7.0;1.0;B01
201000064599;0;1;0;1.0;0.0;2.0;15.0;A01
201000064603;0;1;0;0.0;0.0;3.0;11.0;B01
201000064616;0;1;0;0.0;2.0;3.0;13.0;A01
201000064621;0;1;0;0.0;0.0;0.0;1.0;A01
201000064656;0;1;0;0.0;0.0;0.0;21.0;A01
201000064694;0;1;0;0.0;2.0;4.0;2.0;A01
201000064718;0;1;0;0.0;2.0;1.0;1.0;B01
201000064746;0;1;0;0.0;2.0;7.0;19.0;A01
201000064801;0;1;0;0.0;2.0;7.0;7.0;B01
201000064826;0;1;0;0.0;2.0;2.0;1.0;A01
201000064829;0;1;0;0.0;2.0;8.0;1.0;B01
201000064834;0;1;0;0.0;1.0;1.0;1.0;A01
201000064859;0;1;0;0.0;2.0;4.0;13.0;B01
201000064868;0;1;0;0.0;0.0;1.0;1.0;B01
201000064875;0;1;0;0.0;2.0;1.0;1.0;B01
201000064881;0;1;0;0.0;2.0;1.0;1.0;A01
201000064882;0;1;0;0.0;1.0;3.0;1.0;A01
201000064886;0;1;0;0.0;2.0;4.0;1.0;B01
201000064888;0;1;0;0.0;2.0;1.0;7.0;A01
201000064896;0;1;0;0.0;2.0;1.0;19.0;A01
201000064914;0;1;0;0.0;2.0;1.0;1.0;B01
201000064929;0;1;0;0.0;1.0;1.0;1.0;A01
201000064949;0;1;0;0.0;2.0;7.0;12.0;A01
201000064967;0;1;0;0.0;2.0;3.0;1.0;B01
201000064972;0;1;0;0.0;1.0;1.0;1.0;A01
201000064974;0;1;0;12.0;2.0;0.0;1.0;B01
201000064977;0;1;0;0.0;2.0;1.0;15.0;B01
201000064999;0;1;0;0.0;2.0;1.0;7.0;B01
201000065016;1;1;0;0.0;1.0;1.0;0.0;Z01
201000065042;0;1;0;0.0;2.0;8.0;1.0;B01
201000065044;0;1;0;0.0;2.0;1.0;7.0;B01
201000065057;0;1;0;0.0;2.0;4.0;1.0;A01
201000065094;0;1;0;0.0;2.0;8.0;13.0;B01
201000065143;0;1;0;0.0;2.0;4.0;7.0;A01
201000065192;0;1;0;0.0;2.0;8.0;7.0;A01
201000065195;0;1;0;1.0;0.0;4.0;13.0;A01
201000065204;0;1;0;0.0;2.0;4.0;1.0;A01
201000065238;0;1;0;0.0;2.0;3.0;13.0;A01
201000065266;0;1;0;0.0;2.0;0.0;1.0;B01
201000065268;0;1;0;0.0;2.0;3.0;1.0;B01
201000065273;0;1;0;0.0;2.0;3.0;1.0;A01
201000065315;1;1;0;0.0;1.0;1.0;1.0;Z01
201000065322;0;1;0;0.0;2.0;5.0;1.0;B01
201000065340;0;1;0;0.0;2.0;4.0;23.0;B01
201000065351;0;1;0;0.0;1.0;1.0;1.0;A01
201000065354;0;1;0;0.0;2.0;1.0;17.0;C01
201000065357;0;1;0;0.0;2.0;8.0;7.0;B01
201000065363;0;1;0;0.0;2.0;3.0;19.0;B01
201000065370;0;1;0;0.0;2.0;8.0;1.0;B01
201000065376;0;1;0;0.0;2.0;1.0;1.0;B01
201000065379;1;1;0;0.0;2.0;1.0;1.0;Z01
201000065406;0;1;0;0.0;2.0;7.0;1.0;A01
201000065417;0;1;0;0.0;2.0;0.0;16.0;B01
201000065430;0;1;0;0.0;2.0;8.0;15.0;A01
201000065447;0;1;0;0.0;0.0;0.0;1.0;A01
201000065467;0;1;0;0.0;2.0;1.0;1.0;A01
201000065486;0;1;0;0.0;2.0;8.0;7.0;B01
201000065508;0;1;0;1.0;0.0;1.0;13.0;A01
201000065522;0;1;0;0.0;2.0;1.0;1.0;B01
201000065545;0;1;0;0.0;2.0;3.0;1.0;B01
201000065549;0;1;0;0.0;0.0;0.0;1.0;A01
201000065559;0;1;0;0.0;2.0;3.0;15.0;A01
201000065565;0;1;0;0.0;2.0;1.0;17.0;B01
201000065594;0;1;0;0.0;1.0;2.0;5.0;A01
201000065599;0;1;0;0.0;2.0;1.0;17.0;B01
201000065650;0;1;0;0.0;2.0;1.0;13.0;A01
201000065656;0;1;0;0.0;2.0;1.0;1.0;B01
201000065665;0;1;0;0.0;2.0;1.0;1.0;B01
201000065668;0;1;0;0.0;2.0;1.0;16.0;A01
201000065676;0;1;0;0.0;2.0;8.0;11.0;B01
201000065680;0;1;0;0.0;2.0;1.0;5.0;A01
201000065729;1;1;0;0.0;2.0;0.0;19.0;Z01
201000065744;0;1;0;0.0;1.0;1.0;1.0;A01
201000065745;0;1;0;0.0;2.0;1.0;18.0;B01
201000065747;0;1;0;0.0;2.0;0.0;1.0;A01
201000065810;0;1;0;0.0;2.0;7.0;19.0;A01
201000065821;0;1;0;0.0;2.0;1.0;1.0;B01
201000065868;0;1;0;0.0;2.0;8.0;19.0;A01
201000065873;0;1;0;0.0;0.0;1.0;1.0;A01
201000065875;0;1;0;0.0;1.0;1.0;1.0;A01
201000065893;0;1;0;0.0;0.0;0.0;1.0;A01
201000065909;0;1;0;0.0;1.0;1.0;1.0;A01
201000065926;0;1;0;15.0;0.0;0.0;13.0;A01
201000065931;0;1;0;0.0;2.0;6.0;19.0;A01
201000065940;0;1;0;0.0;0.0;0.0;1.0;A01
201000065957;0;1;0;0.0;2.0;1.0;9.0;A01
201000065961;0;1;0;0.0;0.0;1.0;13.0;B01
201000065970;0;1;0;0.0;0.0;7.0;17.0;B01
201000065976;0;1;0;0.0;0.0;0.0;1.0;A01
201000065983;0;1;0;0.0;1.0;8.0;1.0;A01
201000065990;0;1;0;0.0;2.0;1.0;1.0;A01
201000066013;0;1;0;0.0;0.0;0.0;1.0;A01
201000066018;0;1;0;14.0;0.0;1.0;13.0;A01
201000066030;0;1;0;0.0;1.0;1.0;1.0;A01
201000066034;0;1;0;0.0;0.0;7.0;1.0;A01
201000066035;0;1;0;0.0;2.0;1.0;1.0;B01
201000066036;0;1;0;0.0;2.0;8.0;1.0;B01
201000066050;0;1;0;0.0;2.0;6.0;1.0;B01
201000066056;0;1;0;0.0;1.0;0.0;1.0;A01
201000066147;0;1;0;0.0;2.0;3.0;1.0;B01
201000066149;0;1;0;0.0;2.0;3.0;1.0;B01
201000066189;0;1;0;0.0;2.0;2.0;23.0;B01
201000066196;0;1;0;0.0;2.0;1.0;1.0;B01
201000066217;0;1;0;0.0;2.0;1.0;1.0;B01
201000066248;0;1;0;0.0;1.0;3.0;1.0;A01
201000066276;0;1;0;0.0;2.0;7.0;14.0;B01
201000066312;0;1;0;0.0;0.0;8.0;21.0;A01
201000066315;0;1;0;12.0;0.0;5.0;15.0;A01
201000066321;0;1;0;0.0;2.0;1.0;1.0;B01
201000066325;0;1;0;12.0;0.0;1.0;12.0;A01
201000066340;0;1;0;12.0;2.0;7.0;2.0;A01
201000066340;0;1;0;0.0;2.0;0.0;2.0;B01
201000066340;0;1;0;0.0;2.0;8.0;2.0;E01
201000066340;0;1;0;0.0;2.0;1.0;2.0;D01
201000066340;0;1;0;0.0;2.0;0.0;2.0;C01
201000066340;0;1;0;0.0;2.0;8.0;2.0;F01
201000066370;0;1;0;0.0;0.0;0.0;1.0;A01
201000066374;0;1;0;1.0;0.0;1.0;1.0;B01
201000066411;0;1;0;0.0;2.0;1.0;5.0;B01
201000066417;0;1;0;0.0;2.0;2.0;15.0;A01
201000066479;0;1;0;0.0;2.0;2.0;5.0;A01
201000066504;0;1;0;0.0;2.0;8.0;1.0;B01
201000066511;0;1;0;0.0;2.0;9.0;1.0;B01
201000066537;0;1;0;0.0;2.0;1.0;2.0;B01
201000066537;0;1;0;0.0;2.0;4.0;2.0;A01
201000066544;0;1;0;0.0;2.0;8.0;1.0;B01
201000066588;0;1;0;0.0;2.0;8.0;0.0;B01
201000066594;0;1;0;0.0;2.0;7.0;1.0;B01
201000067309;0;1;0;0.0;2.0;8.0;1.0;B02
201000067333;0;1;0;0.0;2.0;1.0;13.0;C03
201000067333;0;1;0;0.0;2.0;1.0;13.0;B02
201000067344;0;1;0;0.0;2.0;1.0;18.0;A01
201000067419;0;1;0;0.0;2.0;1.0;17.0;A01
201000067477;0;1;0;0.0;0.0;4.0;2.0;B02
201000067482;0;1;0;0.0;2.0;1.0;1.0;B02
201000067499;0;1;0;0.0;2.0;3.0;16.0;A01
201000067519;0;1;0;0.0;2.0;4.0;1.0;B02
201000067522;0;1;0;0.0;2.0;1.0;1.0;B02
201000067534;0;1;0;0.0;2.0;4.0;2.0;B02
201000067535;0;1;0;0.0;2.0;4.0;2.0;A01
201000067543;0;1;0;0.0;2.0;1.0;1.0;B02
201000067559;0;1;0;0.0;2.0;8.0;1.0;B02
201000067564;0;1;0;0.0;0.0;4.0;1.0;B02
201000067565;0;1;0;0.0;2.0;8.0;0.0;B02
201000067590;0;1;0;0.0;2.0;1.0;1.0;B02
201000067613;0;1;0;0.0;2.0;1.0;1.0;B02
201000067623;0;1;0;0.0;2.0;4.0;1.0;B02
201000067634;0;1;0;0.0;2.0;2.0;0.0;A01
201000067644;0;1;0;0.0;2.0;4.0;2.0;B02
201000067646;0;1;0;0.0;2.0;4.0;2.0;B02
201000067647;0;1;0;0.0;2.0;4.0;2.0;B02
201000067690;0;1;0;0.0;2.0;8.0;19.0;A01
201000067705;0;1;0;0.0;2.0;1.0;1.0;A01
201000067729;0;1;0;0.0;2.0;8.0;19.0;A01
201000067733;0;1;0;0.0;2.0;1.0;1.0;B02
201000067759;0;1;0;9.0;0.0;0.0;5.0;A01
201000067760;0;1;0;0.0;2.0;1.0;15.0;A01
201000067768;0;1;0;0.0;0.0;0.0;21.0;A01
201000067788;0;1;0;0.0;2.0;1.0;1.0;B02
201000067794;0;1;0;0.0;2.0;1.0;5.0;A01
201000067805;0;1;0;0.0;2.0;1.0;1.0;B02
201000067814;0;1;0;0.0;0.0;0.0;1.0;A01
201000067835;0;1;0;0.0;2.0;4.0;2.0;B02
201000067862;0;1;0;0.0;2.0;1.0;13.0;A01
201000067867;0;1;0;0.0;2.0;8.0;10.0;B02
201000067870;0;1;0;0.0;0.0;1.0;0.0;B02
201000067897;0;1;0;0.0;2.0;1.0;15.0;B02
201000067913;0;1;0;12.0;0.0;1.0;1.0;A01
201000067922;0;1;0;0.0;2.0;0.0;15.0;B02
201000067927;0;1;0;0.0;2.0;4.0;1.0;B02
201000067937;0;1;0;0.0;2.0;5.0;19.0;A01
201000067950;0;1;0;13.0;0.0;1.0;0.0;A01
201000067955;0;1;0;0.0;0.0;8.0;1.0;B02
201000067958;0;1;0;0.0;2.0;1.0;13.0;B01
201000068008;0;1;0;0.0;0.0;1.0;2.0;B01
201000068024;0;1;0;0.0;0.0;0.0;0.0;A01
201000068041;0;1;0;0.0;2.0;0.0;0.0;B01
201000068060;0;1;0;0.0;2.0;0.0;1.0;B01
201000068064;0;1;0;0.0;2.0;1.0;0.0;B01
201000068068;0;1;0;0.0;2.0;0.0;17.0;B01
201000068071;0;1;0;0.0;0.0;0.0;0.0;B01
201000068074;0;1;0;0.0;2.0;9.0;9.0;B01
201000068076;0;1;0;0.0;2.0;0.0;9.0;B01
201000068079;0;1;0;0.0;0.0;0.0;0.0;B01
201000068095;0;1;0;0.0;2.0;9.0;1.0;B01
201000068114;0;1;0;0.0;2.0;0.0;24.0;B01
201000068116;0;1;0;1.0;0.0;0.0;1.0;B01
201000068181;0;1;0;0.0;2.0;0.0;1.0;B01
201000068202;0;1;0;0.0;2.0;0.0;1.0;B01
201000068203;0;1;0;0.0;2.0;9.0;16.0;A01
201000068230;0;1;0;0.0;2.0;4.0;1.0;B01
201000068248;0;1;0;0.0;2.0;1.0;9.0;B01
201000068343;0;1;0;0.0;2.0;1.0;5.0;A01
201000068422;0;1;0;0.0;2.0;1.0;9.0;B01
201000068583;0;1;0;0.0;2.0;1.0;1.0;B01
201000068598;0;1;0;0.0;2.0;1.0;1.0;B01
201000068600;0;1;0;0.0;2.0;1.0;10.0;A01
201000068605;0;1;0;0.0;9.0;1.0;1.0;B01
201000068619;0;1;0;0.0;2.0;1.0;0.0;A01
201000068620;0;1;0;0.0;2.0;9.0;1.0;B01
201000068623;0;1;0;0.0;2.0;1.0;16.0;A01
201000068627;0;1;0;0.0;0.0;1.0;0.0;B01
201000068634;0;1;0;0.0;9.0;2.0;1.0;B01
201000068636;0;1;0;0.0;2.0;1.0;0.0;A01
201000068637;0;1;0;0.0;0.0;0.0;0.0;B01
201000068659;0;1;0;0.0;9.0;0.0;0.0;A01
201000068664;0;1;0;0.0;0.0;2.0;0.0;A01
201000068671;0;1;0;0.0;0.0;1.0;0.0;A01
201000068680;0;1;0;0.0;0.0;1.0;19.0;B01
201000068682;0;1;0;0.0;0.0;6.0;0.0;B01
201000068688;0;1;0;0.0;2.0;7.0;5.0;A01
201000068695;0;1;0;0.0;2.0;1.0;19.0;B01
201000068699;0;1;0;0.0;1.0;0.0;1.0;A01
201000068701;0;1;0;0.0;2.0;4.0;19.0;B01
201000068731;0;1;0;0.0;9.0;1.0;19.0;B01
201000068732;0;1;0;0.0;2.0;1.0;11.0;A01
201000068733;0;1;0;0.0;2.0;7.0;19.0;A01
201000068734;0;1;0;0.0;2.0;0.0;16.0;B01
201000068748;0;1;0;0.0;2.0;1.0;14.0;A01
201000068753;0;1;0;0.0;2.0;1.0;1.0;B01
201000068755;0;1;0;0.0;2.0;1.0;1.0;B01
201000068779;0;1;0;15.0;0.0;1.0;1.0;A01
201000068787;0;1;0;0.0;0.0;0.0;21.0;B01
201000068791;0;1;0;0.0;2.0;8.0;10.0;B01
201000068795;0;1;0;0.0;2.0;1.0;1.0;B01
201000068796;0;1;0;0.0;2.0;7.0;1.0;A01
201000068800;0;1;0;0.0;0.0;0.0;9.0;A01
201000068805;0;1;0;0.0;2.0;1.0;5.0;A01
201000068807;0;1;0;0.0;2.0;1.0;9.0;A01
201000068814;0;1;0;0.0;0.0;7.0;1.0;B01
201000068816;0;1;0;0.0;2.0;1.0;5.0;A01
201000068831;0;1;0;0.0;0.0;1.0;1.0;B01
201000068837;0;1;0;0.0;2.0;4.0;1.0;B01
201000068846;0;1;0;0.0;0.0;4.0;2.0;B01
201000068849;0;1;0;0.0;0.0;0.0;0.0;A01
201000068857;0;1;0;13.0;0.0;1.0;1.0;A01
201000068858;0;1;0;0.0;2.0;3.0;15.0;B01
201000068865;0;1;0;0.0;2.0;3.0;0.0;B01
201000068867;0;1;0;0.0;2.0;1.0;1.0;B01
201000068868;0;1;0;0.0;2.0;1.0;1.0;B01
201000068874;0;1;0;0.0;2.0;1.0;0.0;B01
201000068878;1;1;0;0.0;0.0;0.0;0.0;A01
201000068882;0;1;0;0.0;2.0;1.0;2.0;B01
201000068910;0;1;0;0.0;2.0;0.0;19.0;B01
201000068911;0;1;0;0.0;2.0;0.0;13.0;B01
201000068946;0;1;0;0.0;2.0;0.0;0.0;B01
201000068954;0;1;0;0.0;2.0;0.0;0.0;A01
201000068974;0;1;0;0.0;2.0;1.0;9.0;B01
201000068986;0;1;0;12.0;0.0;1.0;0.0;A01
201000068993;0;1;0;0.0;0.0;0.0;0.0;A01
201000068997;0;1;0;0.0;0.0;8.0;1.0;B01
201000069030;0;1;0;0.0;2.0;1.0;1.0;B01
201000069045;0;1;0;0.0;2.0;1.0;1.0;B01
201000069084;0;1;0;0.0;2.0;4.0;2.0;B01
201000069088;0;1;0;0.0;2.0;8.0;18.0;B01
201000069091;0;1;0;0.0;2.0;1.0;1.0;A01
201000069128;0;1;0;0.0;2.0;1.0;0.0;A01
201000069128;0;1;0;0.0;2.0;1.0;0.0;B01
201000069135;0;1;0;0.0;1.0;1.0;0.0;A01
201000069136;0;1;0;0.0;2.0;1.0;9.0;B01
201000069173;0;1;0;0.0;2.0;1.0;2.0;A01
201000069195;0;1;0;0.0;2.0;0.0;0.0;B01
201000069210;0;1;0;0.0;2.0;1.0;1.0;B01
201000069221;0;1;0;0.0;2.0;1.0;1.0;B01
201000069228;0;1;0;0.0;2.0;7.0;1.0;A01
201000069245;0;1;0;0.0;2.0;2.0;1.0;A01
201000069251;0;1;0;0.0;2.0;3.0;15.0;A01
201000069269;0;1;0;0.0;0.0;0.0;1.0;A01
201000069278;0;1;0;0.0;0.0;0.0;1.0;A01
201000069291;0;1;0;0.0;2.0;7.0;1.0;A01
201000069300;0;1;0;0.0;0.0;0.0;1.0;A01
201000069312;0;1;0;0.0;2.0;6.0;15.0;A01
201000069321;0;1;0;0.0;2.0;1.0;1.0;A01
201000069385;0;1;0;0.0;2.0;1.0;21.0;B01
201000069386;0;1;0;0.0;2.0;1.0;17.0;B01